Query,Category
What is floaters?,Ophthalmology
Home remedies for floaters?,Ophthalmology
How to learn IoT?,Non-Ophthalmology
Explain Kubernetes,Non-Ophthalmology
Benefits of big data,Non-Ophthalmology
What is optic neuritis?,Ophthalmology
What is database design?,Non-Ophthalmology
Why is Linux important?,Non-Ophthalmology
How to prevent conjunctivitis?,Ophthalmology
Explain Docker,Non-Ophthalmology
Explain React,Non-Ophthalmology
How to improve digital marketing?,Non-Ophthalmology
Symptoms of eye trauma?,Ophthalmology
How to improve C++ programming?,Non-Ophthalmology
Benefits of C++ programming,Non-Ophthalmology
Is glaucoma serious?,Ophthalmology
What is color blindness?,Ophthalmology
Symptoms of keratitis?,Ophthalmology
Is vision loss serious?,Ophthalmology
Benefits of microservices,Non-Ophthalmology
Basics of financial investment,Non-Ophthalmology
How to improve SQL?,Non-Ophthalmology
Why is GitHub important?,Non-Ophthalmology
Home remedies for eye swelling?,Ophthalmology
What is burning eyes?,Ophthalmology
How to learn software testing?,Non-Ophthalmology
Why is database design important?,Non-Ophthalmology
What is Linux?,Non-Ophthalmology
Why do I have eyelid inflammation?,Ophthalmology
Symptoms of blurry vision?,Ophthalmology
What causes eye pain?,Ophthalmology
Basics of artificial intelligence,Non-Ophthalmology
Guide to GitHub,Non-Ophthalmology
Basics of IoT,Non-Ophthalmology
Symptoms of optic neuritis?,Ophthalmology
Best way to practice deep learning?,Non-Ophthalmology
Why do I have vision loss?,Ophthalmology
Basics of cybersecurity,Non-Ophthalmology
Is stye serious?,Ophthalmology
Is uveitis serious?,Ophthalmology
Benefits of mobile apps,Non-Ophthalmology
Can floaters cause vision problems?,Ophthalmology
Explain SQL,Non-Ophthalmology
How to treat eye trauma?,Ophthalmology
What is Python programming?,Non-Ophthalmology
Home remedies for double vision?,Ophthalmology
How to treat glaucoma?,Ophthalmology
What causes eyelid inflammation?,Ophthalmology
Best way to practice blockchain?,Non-Ophthalmology
What causes corneal ulcer?,Ophthalmology
What causes eye infection?,Ophthalmology
Explain artificial intelligence,Non-Ophthalmology
Best way to practice cloud computing?,Non-Ophthalmology
Is diabetic retinopathy serious?,Ophthalmology
What is SQL?,Non-Ophthalmology
Why do I have stye?,Ophthalmology
Can uveitis cause vision problems?,Ophthalmology
What is dry eyes?,Ophthalmology
Can floaters cause vision problems?,Ophthalmology
Guide to public speaking,Non-Ophthalmology
Basics of artificial intelligence,Non-Ophthalmology
Best way to practice cloud computing?,Non-Ophthalmology
Best treatment for stye?,Ophthalmology
Benefits of Python programming,Non-Ophthalmology
What is time management?,Non-Ophthalmology
Can optic neuritis cause vision problems?,Ophthalmology
Explain Linux,Non-Ophthalmology
Is corneal ulcer serious?,Ophthalmology
Why is public speaking important?,Non-Ophthalmology
Why is microservices important?,Non-Ophthalmology
Symptoms of eye allergy?,Ophthalmology
What causes burning eyes?,Ophthalmology
How to prevent glaucoma?,Ophthalmology
What causes itchy eyes?,Ophthalmology
Why is digital marketing important?,Non-Ophthalmology
Why do I have cataract?,Ophthalmology
What is cloud computing?,Non-Ophthalmology
Explain Linux,Non-Ophthalmology
Best treatment for watery eyes?,Ophthalmology
Basics of data science,Non-Ophthalmology
Explain DevOps,Non-Ophthalmology
Benefits of operating systems,Non-Ophthalmology
How to prevent eye pain?,Ophthalmology
What is software testing?,Non-Ophthalmology
How to learn cloud computing?,Non-Ophthalmology
Best way to practice Python programming?,Non-Ophthalmology
Basics of software testing,Non-Ophthalmology
Basics of mobile apps,Non-Ophthalmology
Why do I have eye pain?,Ophthalmology
How to treat watery eyes?,Ophthalmology
Best treatment for uveitis?,Ophthalmology
What causes double vision?,Ophthalmology
Symptoms of eye pain?,Ophthalmology
How to learn networking?,Non-Ophthalmology
Best way to practice networking?,Non-Ophthalmology
Introduction to React,Non-Ophthalmology
How to learn microservices?,Non-Ophthalmology
Can light sensitivity cause vision problems?,Ophthalmology
Best way to practice operating systems?,Non-Ophthalmology
What is eye trauma?,Ophthalmology
What is IoT?,Non-Ophthalmology
Symptoms of uveitis?,Ophthalmology
Basics of cloud computing,Non-Ophthalmology
Basics of financial investment,Non-Ophthalmology
How to learn algorithms?,Non-Ophthalmology
Can eye infection cause vision problems?,Ophthalmology
Explain networking,Non-Ophthalmology
Why is mobile apps important?,Non-Ophthalmology
Basics of Python programming,Non-Ophthalmology
Symptoms of stye?,Ophthalmology
Can macular degeneration cause vision problems?,Ophthalmology
How to prevent red eyes?,Ophthalmology
Can diabetic retinopathy cause vision problems?,Ophthalmology
Why do I have red eyes?,Ophthalmology
Why is C++ programming important?,Non-Ophthalmology
What is digital marketing?,Non-Ophthalmology
Why is database design important?,Non-Ophthalmology
Can double vision cause vision problems?,Ophthalmology
Best way to practice deep learning?,Non-Ophthalmology
Can night blindness cause vision problems?,Ophthalmology
Best treatment for eyelid inflammation?,Ophthalmology
Benefits of algorithms,Non-Ophthalmology
Explain Linux,Non-Ophthalmology
Can double vision cause vision problems?,Ophthalmology
Benefits of artificial intelligence,Non-Ophthalmology
Introduction to public speaking,Non-Ophthalmology
Can itchy eyes cause vision problems?,Ophthalmology
What is SQL?,Non-Ophthalmology
How to prevent optic neuritis?,Ophthalmology
How to improve digital marketing?,Non-Ophthalmology
Symptoms of diabetic retinopathy?,Ophthalmology
How to treat burning eyes?,Ophthalmology
Why is React important?,Non-Ophthalmology
What is algorithms?,Non-Ophthalmology
What is blockchain?,Non-Ophthalmology
What causes blurry vision?,Ophthalmology
What causes uveitis?,Ophthalmology
Symptoms of conjunctivitis?,Ophthalmology
Why is React important?,Non-Ophthalmology
Benefits of cybersecurity,Non-Ophthalmology
Guide to IoT,Non-Ophthalmology
How to learn mobile apps?,Non-Ophthalmology
Introduction to digital marketing,Non-Ophthalmology
How to learn cybersecurity?,Non-Ophthalmology
How to improve React?,Non-Ophthalmology
How to prevent blurry vision?,Ophthalmology
How to learn algorithms?,Non-Ophthalmology
How to prevent eye infection?,Ophthalmology
Symptoms of red eyes?,Ophthalmology
Best way to practice microservices?,Non-Ophthalmology
What causes stye?,Ophthalmology
Why is microservices important?,Non-Ophthalmology
Basics of big data,Non-Ophthalmology
How to learn cybersecurity?,Non-Ophthalmology
What is big data?,Non-Ophthalmology
How to treat red eyes?,Ophthalmology
Is keratitis serious?,Ophthalmology
What causes eye allergy?,Ophthalmology
What is conjunctivitis?,Ophthalmology
How to prevent double vision?,Ophthalmology
Benefits of C++ programming,Non-Ophthalmology
What is blurry vision?,Ophthalmology
Why is database design important?,Non-Ophthalmology
Benefits of time management,Non-Ophthalmology
Is vision loss serious?,Ophthalmology
Guide to data science,Non-Ophthalmology
Benefits of mobile apps,Non-Ophthalmology
Symptoms of watery eyes?,Ophthalmology
What causes dry eyes?,Ophthalmology
What causes corneal ulcer?,Ophthalmology
How to treat double vision?,Ophthalmology
Home remedies for dry eyes?,Ophthalmology
How to prevent vision loss?,Ophthalmology
How to prevent eyelid inflammation?,Ophthalmology
Can night blindness cause vision problems?,Ophthalmology
How to prevent blurry vision?,Ophthalmology
How to learn Docker?,Non-Ophthalmology
Best way to practice algorithms?,Non-Ophthalmology
Guide to React,Non-Ophthalmology
Why do I have double vision?,Ophthalmology
How to prevent uveitis?,Ophthalmology
What is eye infection?,Ophthalmology
Can eye pressure cause vision problems?,Ophthalmology
Is cataract serious?,Ophthalmology
Best treatment for cataract?,Ophthalmology
What is mobile apps?,Non-Ophthalmology
Can watery eyes cause vision problems?,Ophthalmology
Guide to time management,Non-Ophthalmology
What is retinal detachment?,Ophthalmology
How to prevent eye pressure?,Ophthalmology
Is eyelid inflammation serious?,Ophthalmology
How to prevent floaters?,Ophthalmology
Why is networking important?,Non-Ophthalmology
Best way to practice SQL?,Non-Ophthalmology
Can eye allergy cause vision problems?,Ophthalmology
What causes eyelid inflammation?,Ophthalmology
Why is Python programming important?,Non-Ophthalmology
What causes itchy eyes?,Ophthalmology
Explain data science,Non-Ophthalmology
How to improve cybersecurity?,Non-Ophthalmology
Basics of algorithms,Non-Ophthalmology
Symptoms of macular degeneration?,Ophthalmology
Why is financial investment important?,Non-Ophthalmology
Symptoms of eye trauma?,Ophthalmology
Why is digital marketing important?,Non-Ophthalmology
Can watery eyes cause vision problems?,Ophthalmology
Why is deep learning important?,Non-Ophthalmology
What is retinal detachment?,Ophthalmology
Introduction to artificial intelligence,Non-Ophthalmology
Explain GitHub,Non-Ophthalmology
How to prevent eyelid inflammation?,Ophthalmology
How to treat eye pain?,Ophthalmology
Best way to practice algorithms?,Non-Ophthalmology
What is keratitis?,Ophthalmology
How to prevent eye pressure?,Ophthalmology
How to improve time management?,Non-Ophthalmology
Is conjunctivitis serious?,Ophthalmology
Why do I have conjunctivitis?,Ophthalmology
Why is DevOps important?,Non-Ophthalmology
Home remedies for eye infection?,Ophthalmology
How to improve Python programming?,Non-Ophthalmology
How to treat eye pressure?,Ophthalmology
Best treatment for light sensitivity?,Ophthalmology
Benefits of operating systems,Non-Ophthalmology
Basics of database design,Non-Ophthalmology
How to improve data science?,Non-Ophthalmology
Symptoms of eye pressure?,Ophthalmology
Basics of artificial intelligence,Non-Ophthalmology
Why do I have glaucoma?,Ophthalmology
Introduction to machine learning,Non-Ophthalmology
What is double vision?,Ophthalmology
Why is React important?,Non-Ophthalmology
How to prevent light sensitivity?,Ophthalmology
Why do I have keratitis?,Ophthalmology
How to learn SQL?,Non-Ophthalmology
Can eye pressure cause vision problems?,Ophthalmology
Symptoms of retinal detachment?,Ophthalmology
Why is deep learning important?,Non-Ophthalmology
Benefits of cybersecurity,Non-Ophthalmology
Best treatment for watery eyes?,Ophthalmology
How to treat eyelid inflammation?,Ophthalmology
Why is cloud computing important?,Non-Ophthalmology
Why is machine learning important?,Non-Ophthalmology
Home remedies for vision loss?,Ophthalmology
Introduction to microservices,Non-Ophthalmology
Symptoms of eye infection?,Ophthalmology
Home remedies for vision loss?,Ophthalmology
What is financial investment?,Non-Ophthalmology
Why is public speaking important?,Non-Ophthalmology
How to improve machine learning?,Non-Ophthalmology
Benefits of networking,Non-Ophthalmology
Best treatment for watery eyes?,Ophthalmology
What is C++ programming?,Non-Ophthalmology
What causes blurry vision?,Ophthalmology
Guide to digital marketing,Non-Ophthalmology
What causes burning eyes?,Ophthalmology
Introduction to Kubernetes,Non-Ophthalmology
Introduction to software testing,Non-Ophthalmology
Home remedies for conjunctivitis?,Ophthalmology
Guide to public speaking,Non-Ophthalmology
What is vision loss?,Ophthalmology
Introduction to database design,Non-Ophthalmology
Guide to algorithms,Non-Ophthalmology
Introduction to cloud computing,Non-Ophthalmology
Why is web development important?,Non-Ophthalmology
How to learn Kubernetes?,Non-Ophthalmology
Is retinal detachment serious?,Ophthalmology
Best way to practice GitHub?,Non-Ophthalmology
Best treatment for watery eyes?,Ophthalmology
What causes light sensitivity?,Ophthalmology
What is uveitis?,Ophthalmology
Home remedies for optic neuritis?,Ophthalmology
Home remedies for eye allergy?,Ophthalmology
Home remedies for itchy eyes?,Ophthalmology
Benefits of Linux,Non-Ophthalmology
Why do I have color blindness?,Ophthalmology
What is networking?,Non-Ophthalmology
How to learn public speaking?,Non-Ophthalmology
Home remedies for eye swelling?,Ophthalmology
What is cybersecurity?,Non-Ophthalmology
Home remedies for light sensitivity?,Ophthalmology
Guide to cloud computing,Non-Ophthalmology
Symptoms of eye pain?,Ophthalmology
Explain machine learning,Non-Ophthalmology
Explain Python programming,Non-Ophthalmology
Can light sensitivity cause vision problems?,Ophthalmology
Symptoms of eye allergy?,Ophthalmology
How to prevent red eyes?,Ophthalmology
How to treat eye trauma?,Ophthalmology
Why is software testing important?,Non-Ophthalmology
Benefits of GitHub,Non-Ophthalmology
Symptoms of double vision?,Ophthalmology
Why is Linux important?,Non-Ophthalmology
Symptoms of night blindness?,Ophthalmology
Introduction to big data,Non-Ophthalmology
How to learn web development?,Non-Ophthalmology
Best way to practice networking?,Non-Ophthalmology
Why do I have watery eyes?,Ophthalmology
Best treatment for eye pressure?,Ophthalmology
How to prevent light sensitivity?,Ophthalmology
Best way to practice public speaking?,Non-Ophthalmology
How to learn artificial intelligence?,Non-Ophthalmology
Guide to data science,Non-Ophthalmology
What is operating systems?,Non-Ophthalmology
Introduction to DevOps,Non-Ophthalmology
Guide to Python programming,Non-Ophthalmology
What causes itchy eyes?,Ophthalmology
What is GitHub?,Non-Ophthalmology
Is keratitis serious?,Ophthalmology
What is eyelid inflammation?,Ophthalmology
Why do I have macular degeneration?,Ophthalmology
What is eye pressure?,Ophthalmology
Guide to data science,Non-Ophthalmology
Why do I have uveitis?,Ophthalmology
Best way to practice deep learning?,Non-Ophthalmology
Symptoms of eye infection?,Ophthalmology
Home remedies for itchy eyes?,Ophthalmology
How to prevent eye trauma?,Ophthalmology
What is color blindness?,Ophthalmology
Introduction to database design,Non-Ophthalmology
Guide to GitHub,Non-Ophthalmology
Is light sensitivity serious?,Ophthalmology
Why do I have dry eyes?,Ophthalmology
Best way to practice web development?,Non-Ophthalmology
How to improve cloud computing?,Non-Ophthalmology
Benefits of networking,Non-Ophthalmology
Best treatment for floaters?,Ophthalmology
Can eye infection cause vision problems?,Ophthalmology
Benefits of big data,Non-Ophthalmology
Basics of C++ programming,Non-Ophthalmology
Introduction to web development,Non-Ophthalmology
How to prevent eye pain?,Ophthalmology
Benefits of React,Non-Ophthalmology
How to treat itchy eyes?,Ophthalmology
How to improve algorithms?,Non-Ophthalmology
Why do I have watery eyes?,Ophthalmology
Benefits of C++ programming,Non-Ophthalmology
Basics of Docker,Non-Ophthalmology
How to prevent retinal detachment?,Ophthalmology
Best way to practice cloud computing?,Non-Ophthalmology
Basics of database design,Non-Ophthalmology
Why do I have optic neuritis?,Ophthalmology
Basics of Python programming,Non-Ophthalmology
How to learn digital marketing?,Non-Ophthalmology
Why do I have dry eyes?,Ophthalmology
Introduction to mobile apps,Non-Ophthalmology
What is time management?,Non-Ophthalmology
How to prevent eye infection?,Ophthalmology
Introduction to cybersecurity,Non-Ophthalmology
Why do I have blurry vision?,Ophthalmology
Symptoms of conjunctivitis?,Ophthalmology
Best way to practice Linux?,Non-Ophthalmology
Guide to algorithms,Non-Ophthalmology
Can vision loss cause vision problems?,Ophthalmology
Guide to Linux,Non-Ophthalmology
How to learn software testing?,Non-Ophthalmology
Explain big data,Non-Ophthalmology
What is burning eyes?,Ophthalmology
Best way to practice React?,Non-Ophthalmology
How to prevent eye pain?,Ophthalmology
Best way to practice big data?,Non-Ophthalmology
Why do I have diabetic retinopathy?,Ophthalmology
What is color blindness?,Ophthalmology
What is React?,Non-Ophthalmology
Home remedies for keratitis?,Ophthalmology
Symptoms of uveitis?,Ophthalmology
Best treatment for eye pain?,Ophthalmology
Benefits of Kubernetes,Non-Ophthalmology
What causes eye pressure?,Ophthalmology
What causes eye pain?,Ophthalmology
Introduction to Kubernetes,Non-Ophthalmology
How to improve data science?,Non-Ophthalmology
Explain artificial intelligence,Non-Ophthalmology
Is diabetic retinopathy serious?,Ophthalmology
What causes blurry vision?,Ophthalmology
What is eye swelling?,Ophthalmology
Why do I have uveitis?,Ophthalmology
How to learn financial investment?,Non-Ophthalmology
Can burning eyes cause vision problems?,Ophthalmology
How to learn big data?,Non-Ophthalmology
Basics of algorithms,Non-Ophthalmology
What causes eye swelling?,Ophthalmology
How to treat eyelid inflammation?,Ophthalmology
How to prevent eye infection?,Ophthalmology
Best treatment for dry eyes?,Ophthalmology
Benefits of IoT,Non-Ophthalmology
Symptoms of eye trauma?,Ophthalmology
What is data science?,Non-Ophthalmology
Basics of mobile apps,Non-Ophthalmology
What causes vision loss?,Ophthalmology
How to learn Kubernetes?,Non-Ophthalmology
Why do I have corneal ulcer?,Ophthalmology
How to improve operating systems?,Non-Ophthalmology
How to treat eyelid inflammation?,Ophthalmology
Home remedies for keratitis?,Ophthalmology
Best treatment for glaucoma?,Ophthalmology
Best treatment for color blindness?,Ophthalmology
Benefits of networking,Non-Ophthalmology
How to treat burning eyes?,Ophthalmology
Why do I have red eyes?,Ophthalmology
Home remedies for burning eyes?,Ophthalmology
Guide to data science,Non-Ophthalmology
Can uveitis cause vision problems?,Ophthalmology
Home remedies for uveitis?,Ophthalmology
How to treat eye swelling?,Ophthalmology
Home remedies for burning eyes?,Ophthalmology
Is itchy eyes serious?,Ophthalmology
What is cloud computing?,Non-Ophthalmology
Explain software testing,Non-Ophthalmology
How to treat glaucoma?,Ophthalmology
Explain data science,Non-Ophthalmology
How to prevent dry eyes?,Ophthalmology
How to prevent optic neuritis?,Ophthalmology
Benefits of React,Non-Ophthalmology
What is burning eyes?,Ophthalmology
What causes optic neuritis?,Ophthalmology
Is eye pressure serious?,Ophthalmology
Home remedies for macular degeneration?,Ophthalmology
Why do I have eye allergy?,Ophthalmology
Best way to practice GitHub?,Non-Ophthalmology
Symptoms of retinal detachment?,Ophthalmology
Best treatment for stye?,Ophthalmology
Introduction to DevOps,Non-Ophthalmology
How to learn Docker?,Non-Ophthalmology
Why do I have eye infection?,Ophthalmology
What is eye pain?,Ophthalmology
Symptoms of eye infection?,Ophthalmology
What is eye pain?,Ophthalmology
Basics of public speaking,Non-Ophthalmology
Guide to C++ programming,Non-Ophthalmology
Introduction to DevOps,Non-Ophthalmology
How to prevent eye pressure?,Ophthalmology
Can keratitis cause vision problems?,Ophthalmology
Best treatment for floaters?,Ophthalmology
Benefits of big data,Non-Ophthalmology
What causes eye pressure?,Ophthalmology
Basics of web development,Non-Ophthalmology
Explain mobile apps,Non-Ophthalmology
Best treatment for cataract?,Ophthalmology
How to improve Docker?,Non-Ophthalmology
Best treatment for blurry vision?,Ophthalmology
How to learn microservices?,Non-Ophthalmology
Symptoms of eye swelling?,Ophthalmology
Symptoms of vision loss?,Ophthalmology
Best way to practice time management?,Non-Ophthalmology
How to improve digital marketing?,Non-Ophthalmology
Explain machine learning,Non-Ophthalmology
What is watery eyes?,Ophthalmology
How to prevent eye trauma?,Ophthalmology
Can conjunctivitis cause vision problems?,Ophthalmology
What is data science?,Non-Ophthalmology
Why do I have corneal ulcer?,Ophthalmology
Can conjunctivitis cause vision problems?,Ophthalmology
Basics of financial investment,Non-Ophthalmology
Can watery eyes cause vision problems?,Ophthalmology
What is itchy eyes?,Ophthalmology
What is color blindness?,Ophthalmology
Benefits of time management,Non-Ophthalmology
Why is web development important?,Non-Ophthalmology
Basics of big data,Non-Ophthalmology
What is eye pressure?,Ophthalmology
How to improve IoT?,Non-Ophthalmology
Introduction to operating systems,Non-Ophthalmology
Home remedies for eye swelling?,Ophthalmology
Basics of cloud computing,Non-Ophthalmology
Best way to practice IoT?,Non-Ophthalmology
What is public speaking?,Non-Ophthalmology
How to improve machine learning?,Non-Ophthalmology
Home remedies for color blindness?,Ophthalmology
Best treatment for cataract?,Ophthalmology
What is light sensitivity?,Ophthalmology
Why is DevOps important?,Non-Ophthalmology
How to prevent eye swelling?,Ophthalmology
Benefits of mobile apps,Non-Ophthalmology
Why do I have double vision?,Ophthalmology
Is light sensitivity serious?,Ophthalmology
How to learn DevOps?,Non-Ophthalmology
Can optic neuritis cause vision problems?,Ophthalmology
Best treatment for uveitis?,Ophthalmology
What is database design?,Non-Ophthalmology
Basics of C++ programming,Non-Ophthalmology
Why do I have diabetic retinopathy?,Ophthalmology
What is vision loss?,Ophthalmology
Is eyelid inflammation serious?,Ophthalmology
Why is artificial intelligence important?,Non-Ophthalmology
Best way to practice time management?,Non-Ophthalmology
Is keratitis serious?,Ophthalmology
Can eye infection cause vision problems?,Ophthalmology
Can vision loss cause vision problems?,Ophthalmology
What is uveitis?,Ophthalmology
Guide to algorithms,Non-Ophthalmology
How to learn GitHub?,Non-Ophthalmology
Why do I have double vision?,Ophthalmology
Best treatment for macular degeneration?,Ophthalmology
Best way to practice cloud computing?,Non-Ophthalmology
Introduction to algorithms,Non-Ophthalmology
Best way to practice microservices?,Non-Ophthalmology
Best way to practice algorithms?,Non-Ophthalmology
Symptoms of double vision?,Ophthalmology
How to improve C++ programming?,Non-Ophthalmology
Home remedies for eye swelling?,Ophthalmology
Symptoms of burning eyes?,Ophthalmology
Guide to database design,Non-Ophthalmology
How to improve deep learning?,Non-Ophthalmology
Introduction to GitHub,Non-Ophthalmology
What is eye trauma?,Ophthalmology
How to prevent itchy eyes?,Ophthalmology
Home remedies for color blindness?,Ophthalmology
What causes eyelid inflammation?,Ophthalmology
Best way to practice digital marketing?,Non-Ophthalmology
What is eye pressure?,Ophthalmology
Home remedies for keratitis?,Ophthalmology
How to learn data science?,Non-Ophthalmology
What causes red eyes?,Ophthalmology
Best treatment for burning eyes?,Ophthalmology
Explain deep learning,Non-Ophthalmology
Why do I have eye allergy?,Ophthalmology
Best way to practice time management?,Non-Ophthalmology
What is eye pain?,Ophthalmology
How to treat vision loss?,Ophthalmology
How to treat eye pain?,Ophthalmology
Why is microservices important?,Non-Ophthalmology
Best treatment for red eyes?,Ophthalmology
How to learn networking?,Non-Ophthalmology
Why do I have burning eyes?,Ophthalmology
What causes eye swelling?,Ophthalmology
What is retinal detachment?,Ophthalmology
Symptoms of red eyes?,Ophthalmology
Introduction to database design,Non-Ophthalmology
Why do I have watery eyes?,Ophthalmology
Best treatment for keratitis?,Ophthalmology
Basics of cybersecurity,Non-Ophthalmology
Why is SQL important?,Non-Ophthalmology
Basics of Docker,Non-Ophthalmology
How to improve cybersecurity?,Non-Ophthalmology
Best way to practice Docker?,Non-Ophthalmology
How to learn DevOps?,Non-Ophthalmology
Best treatment for burning eyes?,Ophthalmology
Home remedies for optic neuritis?,Ophthalmology
What causes eye pain?,Ophthalmology
How to learn database design?,Non-Ophthalmology
Why is artificial intelligence important?,Non-Ophthalmology
Benefits of DevOps,Non-Ophthalmology
How to treat retinal detachment?,Ophthalmology
Symptoms of uveitis?,Ophthalmology
Explain operating systems,Non-Ophthalmology
What causes night blindness?,Ophthalmology
How to treat keratitis?,Ophthalmology
How to treat vision loss?,Ophthalmology
How to improve digital marketing?,Non-Ophthalmology
What is glaucoma?,Ophthalmology
Guide to Python programming,Non-Ophthalmology
How to improve public speaking?,Non-Ophthalmology
How to improve IoT?,Non-Ophthalmology
Benefits of database design,Non-Ophthalmology
Why do I have uveitis?,Ophthalmology
Is blurry vision serious?,Ophthalmology
Can watery eyes cause vision problems?,Ophthalmology
How to improve financial investment?,Non-Ophthalmology
How to improve financial investment?,Non-Ophthalmology
How to improve artificial intelligence?,Non-Ophthalmology
How to improve blockchain?,Non-Ophthalmology
Guide to microservices,Non-Ophthalmology
What is public speaking?,Non-Ophthalmology
Benefits of public speaking,Non-Ophthalmology
Why is React important?,Non-Ophthalmology
Introduction to Kubernetes,Non-Ophthalmology
Why is cybersecurity important?,Non-Ophthalmology
Can eye trauma cause vision problems?,Ophthalmology
Guide to C++ programming,Non-Ophthalmology
Benefits of SQL,Non-Ophthalmology
Best way to practice cybersecurity?,Non-Ophthalmology
Symptoms of eye allergy?,Ophthalmology
How to improve Linux?,Non-Ophthalmology
Best treatment for eyelid inflammation?,Ophthalmology
Why is GitHub important?,Non-Ophthalmology
How to treat eyelid inflammation?,Ophthalmology
How to learn digital marketing?,Non-Ophthalmology
Explain DevOps,Non-Ophthalmology
Best treatment for eye trauma?,Ophthalmology
What is burning eyes?,Ophthalmology
Introduction to machine learning,Non-Ophthalmology
How to improve IoT?,Non-Ophthalmology
Why is digital marketing important?,Non-Ophthalmology
Why do I have watery eyes?,Ophthalmology
Introduction to data science,Non-Ophthalmology
Guide to Docker,Non-Ophthalmology
Introduction to DevOps,Non-Ophthalmology
Is retinal detachment serious?,Ophthalmology
Best treatment for light sensitivity?,Ophthalmology
How to improve software testing?,Non-Ophthalmology
Guide to big data,Non-Ophthalmology
Basics of operating systems,Non-Ophthalmology
What is conjunctivitis?,Ophthalmology
Symptoms of retinal detachment?,Ophthalmology
Can blurry vision cause vision problems?,Ophthalmology
Symptoms of eye infection?,Ophthalmology
Introduction to Linux,Non-Ophthalmology
Best treatment for eye pressure?,Ophthalmology
Benefits of cloud computing,Non-Ophthalmology
Guide to GitHub,Non-Ophthalmology
Best way to practice mobile apps?,Non-Ophthalmology
Explain machine learning,Non-Ophthalmology
Best treatment for vision loss?,Ophthalmology
Why is public speaking important?,Non-Ophthalmology
How to improve software testing?,Non-Ophthalmology
Home remedies for uveitis?,Ophthalmology
How to learn algorithms?,Non-Ophthalmology
How to treat conjunctivitis?,Ophthalmology
How to improve artificial intelligence?,Non-Ophthalmology
Home remedies for keratitis?,Ophthalmology
Benefits of Docker,Non-Ophthalmology
Benefits of operating systems,Non-Ophthalmology
Why is C++ programming important?,Non-Ophthalmology
Best treatment for corneal ulcer?,Ophthalmology
Basics of public speaking,Non-Ophthalmology
How to learn time management?,Non-Ophthalmology
Introduction to Kubernetes,Non-Ophthalmology
Is blurry vision serious?,Ophthalmology
How to learn SQL?,Non-Ophthalmology
Benefits of blockchain,Non-Ophthalmology
How to learn IoT?,Non-Ophthalmology
What is night blindness?,Ophthalmology
What is mobile apps?,Non-Ophthalmology
What is GitHub?,Non-Ophthalmology
Best way to practice operating systems?,Non-Ophthalmology
How to treat floaters?,Ophthalmology
Benefits of Docker,Non-Ophthalmology
What is database design?,Non-Ophthalmology
How to prevent eye trauma?,Ophthalmology
What is SQL?,Non-Ophthalmology
What causes eye pressure?,Ophthalmology
Explain DevOps,Non-Ophthalmology
Why is public speaking important?,Non-Ophthalmology
How to treat macular degeneration?,Ophthalmology
Why is financial investment important?,Non-Ophthalmology
What is vision loss?,Ophthalmology
How to improve public speaking?,Non-Ophthalmology
Explain database design,Non-Ophthalmology
Basics of web development,Non-Ophthalmology
What causes color blindness?,Ophthalmology
How to prevent retinal detachment?,Ophthalmology
How to improve deep learning?,Non-Ophthalmology
How to improve operating systems?,Non-Ophthalmology
Basics of cloud computing,Non-Ophthalmology
What causes corneal ulcer?,Ophthalmology
Why is microservices important?,Non-Ophthalmology
Why do I have floaters?,Ophthalmology
Why do I have cataract?,Ophthalmology
Why do I have color blindness?,Ophthalmology
Why is GitHub important?,Non-Ophthalmology
Introduction to time management,Non-Ophthalmology
How to improve Kubernetes?,Non-Ophthalmology
Is floaters serious?,Ophthalmology
Home remedies for eye swelling?,Ophthalmology
Basics of networking,Non-Ophthalmology
How to treat floaters?,Ophthalmology
How to improve artificial intelligence?,Non-Ophthalmology
Basics of deep learning,Non-Ophthalmology
How to treat light sensitivity?,Ophthalmology
Guide to cloud computing,Non-Ophthalmology
Why is mobile apps important?,Non-Ophthalmology
Guide to software testing,Non-Ophthalmology
Is light sensitivity serious?,Ophthalmology
Why is C++ programming important?,Non-Ophthalmology
Why is big data important?,Non-Ophthalmology
Guide to blockchain,Non-Ophthalmology
Why is Kubernetes important?,Non-Ophthalmology
Symptoms of red eyes?,Ophthalmology
Benefits of data science,Non-Ophthalmology
Benefits of web development,Non-Ophthalmology
Basics of Python programming,Non-Ophthalmology
What is color blindness?,Ophthalmology
Introduction to deep learning,Non-Ophthalmology
How to learn digital marketing?,Non-Ophthalmology
Why do I have diabetic retinopathy?,Ophthalmology
Why do I have dry eyes?,Ophthalmology
What is uveitis?,Ophthalmology
What is digital marketing?,Non-Ophthalmology
How to learn IoT?,Non-Ophthalmology
Why do I have corneal ulcer?,Ophthalmology
How to learn time management?,Non-Ophthalmology
Why do I have color blindness?,Ophthalmology
How to treat optic neuritis?,Ophthalmology
What is uveitis?,Ophthalmology
Explain GitHub,Non-Ophthalmology
How to learn GitHub?,Non-Ophthalmology
Why do I have red eyes?,Ophthalmology
Best treatment for blurry vision?,Ophthalmology
How to prevent glaucoma?,Ophthalmology
Best way to practice DevOps?,Non-Ophthalmology
Why do I have eye pain?,Ophthalmology
How to improve Docker?,Non-Ophthalmology
Explain software testing,Non-Ophthalmology
What is itchy eyes?,Ophthalmology
Can retinal detachment cause vision problems?,Ophthalmology
Best treatment for red eyes?,Ophthalmology
Explain financial investment,Non-Ophthalmology
Why do I have eyelid inflammation?,Ophthalmology
How to treat diabetic retinopathy?,Ophthalmology
Can floaters cause vision problems?,Ophthalmology
Why do I have floaters?,Ophthalmology
Why do I have floaters?,Ophthalmology
Explain DevOps,Non-Ophthalmology
What causes eye pressure?,Ophthalmology
Basics of C++ programming,Non-Ophthalmology
Why do I have conjunctivitis?,Ophthalmology
Why do I have double vision?,Ophthalmology
What is eye allergy?,Ophthalmology
Introduction to financial investment,Non-Ophthalmology
What causes vision loss?,Ophthalmology
Is optic neuritis serious?,Ophthalmology
Introduction to cloud computing,Non-Ophthalmology
How to improve database design?,Non-Ophthalmology
What is blockchain?,Non-Ophthalmology
Guide to web development,Non-Ophthalmology
Is watery eyes serious?,Ophthalmology
Why is big data important?,Non-Ophthalmology
Why is financial investment important?,Non-Ophthalmology
How to prevent double vision?,Ophthalmology
Why is React important?,Non-Ophthalmology
Best way to practice React?,Non-Ophthalmology
How to learn C++ programming?,Non-Ophthalmology
How to prevent dry eyes?,Ophthalmology
What is macular degeneration?,Ophthalmology
Home remedies for retinal detachment?,Ophthalmology
How to treat light sensitivity?,Ophthalmology
How to learn financial investment?,Non-Ophthalmology
Symptoms of dry eyes?,Ophthalmology
How to treat floaters?,Ophthalmology
Home remedies for dry eyes?,Ophthalmology
How to treat eye allergy?,Ophthalmology
Is corneal ulcer serious?,Ophthalmology
Home remedies for floaters?,Ophthalmology
Why do I have double vision?,Ophthalmology
What causes eyelid inflammation?,Ophthalmology
What is digital marketing?,Non-Ophthalmology
Basics of mobile apps,Non-Ophthalmology
What is eye trauma?,Ophthalmology
Benefits of IoT,Non-Ophthalmology
Why do I have burning eyes?,Ophthalmology
How to learn SQL?,Non-Ophthalmology
Basics of big data,Non-Ophthalmology
What is eyelid inflammation?,Ophthalmology
What is time management?,Non-Ophthalmology
Best way to practice C++ programming?,Non-Ophthalmology
What causes retinal detachment?,Ophthalmology
Introduction to digital marketing,Non-Ophthalmology
What causes red eyes?,Ophthalmology
Benefits of web development,Non-Ophthalmology
Is eye pain serious?,Ophthalmology
Introduction to C++ programming,Non-Ophthalmology
Symptoms of vision loss?,Ophthalmology
Benefits of microservices,Non-Ophthalmology
Introduction to React,Non-Ophthalmology
How to learn Docker?,Non-Ophthalmology
What is itchy eyes?,Ophthalmology
How to treat eye allergy?,Ophthalmology
How to prevent light sensitivity?,Ophthalmology
Best treatment for corneal ulcer?,Ophthalmology
Best way to practice machine learning?,Non-Ophthalmology
Home remedies for glaucoma?,Ophthalmology
Why do I have red eyes?,Ophthalmology
Symptoms of eye allergy?,Ophthalmology
What causes red eyes?,Ophthalmology
What is eye swelling?,Ophthalmology
How to improve mobile apps?,Non-Ophthalmology
Home remedies for macular degeneration?,Ophthalmology
Guide to web development,Non-Ophthalmology
How to learn mobile apps?,Non-Ophthalmology
Best way to practice Kubernetes?,Non-Ophthalmology
What is machine learning?,Non-Ophthalmology
What causes retinal detachment?,Ophthalmology
Introduction to IoT,Non-Ophthalmology
Best way to practice database design?,Non-Ophthalmology
How to treat eyelid inflammation?,Ophthalmology
Is cataract serious?,Ophthalmology
Best way to practice SQL?,Non-Ophthalmology
What is eye trauma?,Ophthalmology
Home remedies for vision loss?,Ophthalmology
Best way to practice cybersecurity?,Non-Ophthalmology
Symptoms of keratitis?,Ophthalmology
How to treat light sensitivity?,Ophthalmology
Is cataract serious?,Ophthalmology
Why is IoT important?,Non-Ophthalmology
Home remedies for corneal ulcer?,Ophthalmology
How to improve financial investment?,Non-Ophthalmology
Is watery eyes serious?,Ophthalmology
How to improve GitHub?,Non-Ophthalmology
Benefits of GitHub,Non-Ophthalmology
Best treatment for blurry vision?,Ophthalmology
Best way to practice web development?,Non-Ophthalmology
How to prevent light sensitivity?,Ophthalmology
Is diabetic retinopathy serious?,Ophthalmology
Benefits of Linux,Non-Ophthalmology
Benefits of financial investment,Non-Ophthalmology
How to prevent optic neuritis?,Ophthalmology
Best way to practice artificial intelligence?,Non-Ophthalmology
Guide to financial investment,Non-Ophthalmology
What is keratitis?,Ophthalmology
Is diabetic retinopathy serious?,Ophthalmology
Home remedies for eye pain?,Ophthalmology
Best way to practice artificial intelligence?,Non-Ophthalmology
Introduction to Docker,Non-Ophthalmology
What is software testing?,Non-Ophthalmology
Benefits of blockchain,Non-Ophthalmology
Basics of operating systems,Non-Ophthalmology
How to prevent vision loss?,Ophthalmology
What causes floaters?,Ophthalmology
Best way to practice C++ programming?,Non-Ophthalmology
What causes diabetic retinopathy?,Ophthalmology
How to improve microservices?,Non-Ophthalmology
How to prevent cataract?,Ophthalmology
How to improve mobile apps?,Non-Ophthalmology
Best treatment for watery eyes?,Ophthalmology
Introduction to financial investment,Non-Ophthalmology
Symptoms of keratitis?,Ophthalmology
Explain IoT,Non-Ophthalmology
Explain operating systems,Non-Ophthalmology
Can macular degeneration cause vision problems?,Ophthalmology
Home remedies for uveitis?,Ophthalmology
What causes glaucoma?,Ophthalmology
How to learn microservices?,Non-Ophthalmology
Symptoms of retinal detachment?,Ophthalmology
Best treatment for eyelid inflammation?,Ophthalmology
Is burning eyes serious?,Ophthalmology
Can keratitis cause vision problems?,Ophthalmology
How to learn machine learning?,Non-Ophthalmology
How to treat keratitis?,Ophthalmology
What causes floaters?,Ophthalmology
How to improve DevOps?,Non-Ophthalmology
Why do I have uveitis?,Ophthalmology
Basics of networking,Non-Ophthalmology
Basics of Kubernetes,Non-Ophthalmology
Home remedies for eye pain?,Ophthalmology
Benefits of deep learning,Non-Ophthalmology
Why is machine learning important?,Non-Ophthalmology
What is web development?,Non-Ophthalmology
Why do I have red eyes?,Ophthalmology
Home remedies for color blindness?,Ophthalmology
Explain blockchain,Non-Ophthalmology
Symptoms of stye?,Ophthalmology
How to improve digital marketing?,Non-Ophthalmology
What is macular degeneration?,Ophthalmology
How to improve Docker?,Non-Ophthalmology
Is corneal ulcer serious?,Ophthalmology
Introduction to algorithms,Non-Ophthalmology
Benefits of GitHub,Non-Ophthalmology
How to treat stye?,Ophthalmology
What is software testing?,Non-Ophthalmology
Can red eyes cause vision problems?,Ophthalmology
Symptoms of dry eyes?,Ophthalmology
Introduction to data science,Non-Ophthalmology
How to learn digital marketing?,Non-Ophthalmology
What is microservices?,Non-Ophthalmology
Guide to public speaking,Non-Ophthalmology
What causes conjunctivitis?,Ophthalmology
Basics of data science,Non-Ophthalmology
Why is GitHub important?,Non-Ophthalmology
How to learn microservices?,Non-Ophthalmology
Introduction to data science,Non-Ophthalmology
Explain software testing,Non-Ophthalmology
Best treatment for corneal ulcer?,Ophthalmology
Guide to data science,Non-Ophthalmology
How to treat diabetic retinopathy?,Ophthalmology
Best treatment for stye?,Ophthalmology
Best way to practice cloud computing?,Non-Ophthalmology
What causes retinal detachment?,Ophthalmology
What causes color blindness?,Ophthalmology
Why is C++ programming important?,Non-Ophthalmology
How to improve mobile apps?,Non-Ophthalmology
Why do I have eye allergy?,Ophthalmology
Introduction to DevOps,Non-Ophthalmology
Introduction to cloud computing,Non-Ophthalmology
Can eye swelling cause vision problems?,Ophthalmology
What is night blindness?,Ophthalmology
How to improve cybersecurity?,Non-Ophthalmology
How to improve networking?,Non-Ophthalmology
Home remedies for optic neuritis?,Ophthalmology
How to treat blurry vision?,Ophthalmology
Can eye infection cause vision problems?,Ophthalmology
What causes itchy eyes?,Ophthalmology
How to treat retinal detachment?,Ophthalmology
Can conjunctivitis cause vision problems?,Ophthalmology
Introduction to web development,Non-Ophthalmology
Guide to blockchain,Non-Ophthalmology
Home remedies for eyelid inflammation?,Ophthalmology
Best treatment for macular degeneration?,Ophthalmology
Guide to Linux,Non-Ophthalmology
Benefits of Kubernetes,Non-Ophthalmology
Symptoms of double vision?,Ophthalmology
How to prevent eyelid inflammation?,Ophthalmology
How to learn networking?,Non-Ophthalmology
Introduction to SQL,Non-Ophthalmology
How to treat watery eyes?,Ophthalmology
Can vision loss cause vision problems?,Ophthalmology
How to treat floaters?,Ophthalmology
How to prevent itchy eyes?,Ophthalmology
Basics of digital marketing,Non-Ophthalmology
Guide to mobile apps,Non-Ophthalmology
What is watery eyes?,Ophthalmology
Guide to GitHub,Non-Ophthalmology
Why do I have eye pressure?,Ophthalmology
Symptoms of conjunctivitis?,Ophthalmology
What causes corneal ulcer?,Ophthalmology
Home remedies for optic neuritis?,Ophthalmology
Best way to practice blockchain?,Non-Ophthalmology
Can macular degeneration cause vision problems?,Ophthalmology
What is operating systems?,Non-Ophthalmology
Why is database design important?,Non-Ophthalmology
Home remedies for eye pressure?,Ophthalmology
Why do I have macular degeneration?,Ophthalmology
Best way to practice Python programming?,Non-Ophthalmology
Best way to practice Docker?,Non-Ophthalmology
Home remedies for corneal ulcer?,Ophthalmology
Why is web development important?,Non-Ophthalmology
What is macular degeneration?,Ophthalmology
How to treat corneal ulcer?,Ophthalmology
How to prevent cataract?,Ophthalmology
Why do I have cataract?,Ophthalmology
Symptoms of uveitis?,Ophthalmology
Benefits of SQL,Non-Ophthalmology
Best treatment for eye infection?,Ophthalmology
Is eyelid inflammation serious?,Ophthalmology
Guide to networking,Non-Ophthalmology
Basics of web development,Non-Ophthalmology
How to prevent corneal ulcer?,Ophthalmology
How to improve Docker?,Non-Ophthalmology
Best treatment for blurry vision?,Ophthalmology
Basics of GitHub,Non-Ophthalmology
Introduction to React,Non-Ophthalmology
How to prevent light sensitivity?,Ophthalmology
Symptoms of burning eyes?,Ophthalmology
Is itchy eyes serious?,Ophthalmology
Symptoms of red eyes?,Ophthalmology
Can watery eyes cause vision problems?,Ophthalmology
Introduction to Kubernetes,Non-Ophthalmology
How to prevent light sensitivity?,Ophthalmology
Symptoms of light sensitivity?,Ophthalmology
Why is financial investment important?,Non-Ophthalmology
How to improve microservices?,Non-Ophthalmology
Best treatment for floaters?,Ophthalmology
Benefits of algorithms,Non-Ophthalmology
How to prevent floaters?,Ophthalmology
Guide to C++ programming,Non-Ophthalmology
Introduction to Python programming,Non-Ophthalmology
What causes color blindness?,Ophthalmology
Explain cybersecurity,Non-Ophthalmology
Why is GitHub important?,Non-Ophthalmology
What is diabetic retinopathy?,Ophthalmology
Explain database design,Non-Ophthalmology
How to prevent cataract?,Ophthalmology
Why is SQL important?,Non-Ophthalmology
Home remedies for red eyes?,Ophthalmology
How to learn cybersecurity?,Non-Ophthalmology
Can night blindness cause vision problems?,Ophthalmology
Guide to Linux,Non-Ophthalmology
Basics of blockchain,Non-Ophthalmology
How to learn microservices?,Non-Ophthalmology
Home remedies for uveitis?,Ophthalmology
Can eye allergy cause vision problems?,Ophthalmology
Benefits of blockchain,Non-Ophthalmology
Best way to practice blockchain?,Non-Ophthalmology
How to learn public speaking?,Non-Ophthalmology
Why is digital marketing important?,Non-Ophthalmology
Benefits of Kubernetes,Non-Ophthalmology
What is SQL?,Non-Ophthalmology
How to improve artificial intelligence?,Non-Ophthalmology
Guide to cloud computing,Non-Ophthalmology
Can double vision cause vision problems?,Ophthalmology
How to prevent retinal detachment?,Ophthalmology
Why do I have itchy eyes?,Ophthalmology
Best way to practice big data?,Non-Ophthalmology
Guide to React,Non-Ophthalmology
What is DevOps?,Non-Ophthalmology
Can burning eyes cause vision problems?,Ophthalmology
How to improve algorithms?,Non-Ophthalmology
What is SQL?,Non-Ophthalmology
Why is React important?,Non-Ophthalmology
Best way to practice software testing?,Non-Ophthalmology
Guide to microservices,Non-Ophthalmology
What is blurry vision?,Ophthalmology
How to learn GitHub?,Non-Ophthalmology
What causes eye swelling?,Ophthalmology
How to treat dry eyes?,Ophthalmology
How to learn software testing?,Non-Ophthalmology
What is color blindness?,Ophthalmology
Guide to C++ programming,Non-Ophthalmology
What causes eye swelling?,Ophthalmology
Best treatment for conjunctivitis?,Ophthalmology
Explain GitHub,Non-Ophthalmology
Best treatment for red eyes?,Ophthalmology
Why is blockchain important?,Non-Ophthalmology
What causes burning eyes?,Ophthalmology
Is cataract serious?,Ophthalmology
Can double vision cause vision problems?,Ophthalmology
Symptoms of dry eyes?,Ophthalmology
What causes eyelid inflammation?,Ophthalmology
How to prevent night blindness?,Ophthalmology
How to improve SQL?,Non-Ophthalmology
